id,phone,first_name,last_name,type,email,password,rememberToken,created_at
2,01092354630,kareem,omar,1,kareem9@gmail.com,$2y$10$1doG6ONH/draXivyONDS0eBI10GtImVEvc.fjhfMEUN0UFWZ06i96,,2021-05-20 09:38:15
7,01092354631,ashrf,mostafa,2,drashrf@gmail.com,$2y$10$tTVtPMoiCoQQl4I..rmmJe/j4mistzn.CdwpqCH39LqzbjzoUcZp.,,2021-05-21 14:35:08
55,01207453246,ibrahim,ahmed,1,ibrahim@gmail.com,$2y$10$F4OiJRIpOnIoklReFzRbQuJ3JK7IloAdDGA1t9BVJGwe.nhpIna.m,,2021-05-03 04:55:29
99,01111111157,ibrahim,ahmed ibrahim,1,student9@gmail.com,$2y$10$HrTleAEcQdtSjjlBIVbHOe7a2TIJpVogXuvODgNFzDkiQreja5qS.,,2021-05-26 18:11:15
100,01234567895,ahmed,aasdas32,3,1a254429@gmail.com,$2y$10$9YwBRnsCPvZl/IzqQCktWOZrYyKj.jSYAvTt9muQCbP1oCVQjgdli,,2021-04-28 13:52:52
200,01111111177,ibrahim,ahmed ibrahim,1,student@gmail.com,$2y$10$cf2SRCgv1tMkXAHHIyHcZuJIfqa5O.8M3rJGiWrcQoBweehGmsXhW,,2021-05-23 00:05:33
1000,01111111171,ibrahim,ahmed ibrahim,1,s@gmail.com,$2y$10$45h4eCiA.qU.wpTuX44KleTf4vx8oKDbmRT/NdkEF1hc66STDj2DO,,2021-05-23 07:27:03
1998,01207053244,ibrahim,ahmed,3,hema.1998.man1@gmail.com,$2y$10$.6hBtEAU3A8tUxi5JeJR7.EAWDIK0Qk3PiFMmfOPkRPI5c7H5ZCtu,,2021-04-28 13:55:42
2000,01155416501,mostafa,reda,2,reda@gmail.com,$2y$10$V3sr3VgmAdlmhlbOSkGJWOeSYwD2E/FAdUoaxWis4kurZkecxUULi,,2021-05-20 08:32:02
5001,01111111173,ibrahim,ahmed ibrahim,2,advisor9999@gmail.com,$2y$10$/ZFnII7.SLnx5d2iufIK6.C4QXnBehl9HMrbVxXDjT6ecmXUzWOAe,,2021-05-23 10:55:46
19980,01207053242,ibrahim,ahmed,1,hema.1998.man11@gmail.com,$2y$10$iiUoqnhH8uKBCm6rhUwoGOQePInFJiiRK5MvBVaYnieyv9mhxo1KW,,2021-04-29 03:00:49
50012,01111111176,ibrahim,ahmed ibrahim,2,advisor99991@gmail.com,$2y$10$T4w9.63mzMwP3dxmiat/B.h/OyeQzwu9lgsV2sdzHF8xYhMQzOqsa,,2021-05-23 11:08:57
100100,01207053233,admin,admin,3,admin@gmail.com,$2y$10$MCHP9t5a5tYhhWBIb6WJSeWTMFapSlOwsT4MKLdeUO3jPDS/GRL8K,,2021-05-04 03:08:32
199901,01234567893,student,student,2,student2@gmail.com,$2y$10$AGm6dJcaWGLt3h4qVyZol.XUPHXogeIGdLGTDpthpugcN8BCTFtWa,,2021-05-05 20:31:51
199911,01092354637,kareem,omar,1,kareem@gmail.com,$2y$10$XHCFAgEHG44zwCv1C9LhuuYF.JYNtWNbgdsMx5fDXxsc28qGy58Ny,,2021-05-20 09:36:56
202120,01111111119,ibrahim,ahmed ibrahim,1,ibrahim_test1_@gmail.com,$2y$10$2yCxaum6ah54FbpIuNLEwu/UbRgWA8kudAIJj1ZmgKg0m9QtKgrK2,,2021-05-22 22:17:06
500121,01111111165,ibrahim,ahmed ibrahim,2,advisor999912@gmail.com,$2y$10$gvVQAvAY5HsCfKkNrPIUDeco8lV7jJ02opwuPKg0J/tZgfLNcaEcG,,2021-05-23 11:17:23
999999,01552467750,ibrahim,ahmed,3,admin1998@asu.com,$2y$10$DE4agA8z/A3JWVBtgorpDeSh0ZSPqFIL.SO6fhEccNC6FDmg/ST8e,,2021-05-26 16:29:28
2021209,01111111118,ibrahim,ahmed ibrahim,1,ibrahim_test10_@gmail.com,$2y$10$r9VbFOepKkDml6laIKj0We9NPHAcQCpF4kl/5Q8ewx9mxizrIPbiy,,2021-05-22 22:35:49
5001211,01111111154,ibrahim,ahmed ibrahim,2,advisor99@gmail.com,$2y$10$1bLEL/1TxQq5e31/z0Wsg.f6RzWTmKlh1IVa/5uotwuVc1LiGTKbC,,2021-05-23 11:35:43
5001219,01111111151,ibrahim,ahmed ibrahim,2,advisor@gmail.com,$2y$10$hGefABiNFCYcnZs3rBlWl.SXtQH9xtW6f5ApS7hUq/EGs7Ud5znuW,,2021-05-23 18:27:02